Name,Email,Skills,Experience,Education
Candidate1,candidate1@example.com,,,
Candidate2,candidate2@example.com,,,
Candidate3,candidate3@example.com,,,
Candidate4,candidate4@example.com,,,
Candidate5,candidate5@example.com,,,
Candidate6,candidate6@example.com,,,
Candidate7,candidate7@example.com,,,
Candidate8,candidate8@example.com,,,
Candidate9,candidate9@example.com,,,
Candidate10,candidate10@example.com,,,
Candidate11,candidate11@example.com,,,
Candidate12,candidate12@example.com,,,
Candidate13,candidate13@example.com,,,
Candidate14,candidate14@example.com,,,
Candidate15,candidate15@example.com,,,
Candidate16,candidate16@example.com,,,
Candidate17,candidate17@example.com,,,
Candidate18,candidate18@example.com,,,
Candidate19,candidate19@example.com,,,
Candidate20,candidate20@example.com,,,
Candidate21,candidate21@example.com,,,
Candidate22,candidate22@example.com,,,
Candidate23,candidate23@example.com,,,
Candidate24,candidate24@example.com,,,
Candidate25,candidate25@example.com,,,
Candidate26,candidate26@example.com,,,
Candidate27,candidate27@example.com,,,
Candidate28,candidate28@example.com,,,
Candidate29,candidate29@example.com,,,
Candidate30,candidate30@example.com,,,
Candidate31,candidate31@example.com,,,
Candidate32,candidate32@example.com,,,
Candidate33,candidate33@example.com,,,
Candidate34,candidate34@example.com,,,
Candidate35,candidate35@example.com,,,
Candidate36,candidate36@example.com,,,
Candidate37,candidate37@example.com,,,
Candidate38,candidate38@example.com,,,
Candidate39,candidate39@example.com,,,
Candidate40,candidate40@example.com,,,
Candidate41,candidate41@example.com,,,
Candidate42,candidate42@example.com,,,
Candidate43,candidate43@example.com,,,
Candidate44,candidate44@example.com,,,
Candidate45,candidate45@example.com,,,
Candidate46,candidate46@example.com,,,
Candidate47,candidate47@example.com,,,
Candidate48,candidate48@example.com,,,
Candidate49,candidate49@example.com,,,
Candidate50,candidate50@example.com,,,
Candidate51,candidate51@example.com,,,
Candidate52,candidate52@example.com,,,
Candidate53,candidate53@example.com,,,
Candidate54,candidate54@example.com,,,
Candidate55,candidate55@example.com,,,
Candidate56,candidate56@example.com,,,
Candidate57,candidate57@example.com,,,
Candidate58,candidate58@example.com,,,
Candidate59,candidate59@example.com,,,
Candidate60,candidate60@example.com,,,
Candidate61,candidate61@example.com,,,
Candidate62,candidate62@example.com,,,
Candidate63,candidate63@example.com,,,
Candidate64,candidate64@example.com,,,
Candidate65,candidate65@example.com,,,
Candidate66,candidate66@example.com,,,
Candidate67,candidate67@example.com,,,
Candidate68,candidate68@example.com,,,
Candidate69,candidate69@example.com,,,
Candidate70,candidate70@example.com,,,
Candidate71,candidate71@example.com,,,
Candidate72,candidate72@example.com,,,
Candidate73,candidate73@example.com,,,
Candidate74,candidate74@example.com,,,
Candidate75,candidate75@example.com,,,
Candidate76,candidate76@example.com,,,
Candidate77,candidate77@example.com,,,
Candidate78,candidate78@example.com,,,
Candidate79,candidate79@example.com,,,
Candidate80,candidate80@example.com,,,
Candidate81,candidate81@example.com,,,
Candidate82,candidate82@example.com,,,
Candidate83,candidate83@example.com,,,
Candidate84,candidate84@example.com,,,
Candidate85,candidate85@example.com,,,
Candidate86,candidate86@example.com,,,
Candidate87,candidate87@example.com,,,
Candidate88,candidate88@example.com,,,
Candidate89,candidate89@example.com,,,
Candidate90,candidate90@example.com,,,
Candidate91,candidate91@example.com,,,
Candidate92,candidate92@example.com,,,
Candidate93,candidate93@example.com,,,
Candidate94,candidate94@example.com,,,
Candidate95,candidate95@example.com,,,
Candidate96,candidate96@example.com,,,
Candidate97,candidate97@example.com,,,
Candidate98,candidate98@example.com,,,
Candidate99,candidate99@example.com,,,
Candidate100,candidate100@example.com,,,
Candidate101,candidate101@example.com,,,
Candidate102,candidate102@example.com,,,
Candidate103,candidate103@example.com,,,
Candidate104,candidate104@example.com,,,
Candidate105,candidate105@example.com,,,
Candidate106,candidate106@example.com,,,
Candidate107,candidate107@example.com,,,
Candidate108,candidate108@example.com,,,
Candidate109,candidate109@example.com,,,
Candidate110,candidate110@example.com,,,
Candidate111,candidate111@example.com,,,
Candidate112,candidate112@example.com,,,
Candidate113,candidate113@example.com,,,
Candidate114,candidate114@example.com,,,
Candidate115,candidate115@example.com,,,
Candidate116,candidate116@example.com,,,
Candidate117,candidate117@example.com,,,
Candidate118,candidate118@example.com,,,
Candidate119,candidate119@example.com,,,
Candidate120,candidate120@example.com,,,
Candidate121,candidate121@example.com,,,
Candidate122,candidate122@example.com,,,
Candidate123,candidate123@example.com,,,
Candidate124,candidate124@example.com,,,
Candidate125,candidate125@example.com,,,
Candidate126,candidate126@example.com,,,
Candidate127,candidate127@example.com,,,
Candidate128,candidate128@example.com,,,
Candidate129,candidate129@example.com,,,
Candidate130,candidate130@example.com,,,
Candidate131,candidate131@example.com,,,
Candidate132,candidate132@example.com,,,
Candidate133,candidate133@example.com,,,
Candidate134,candidate134@example.com,,,
Candidate135,candidate135@example.com,,,
Candidate136,candidate136@example.com,,,
Candidate137,candidate137@example.com,,,
Candidate138,candidate138@example.com,,,
Candidate139,candidate139@example.com,,,
Candidate140,candidate140@example.com,,,
Candidate141,candidate141@example.com,,,
Candidate142,candidate142@example.com,,,
Candidate143,candidate143@example.com,,,
Candidate144,candidate144@example.com,,,
Candidate145,candidate145@example.com,,,
Candidate146,candidate146@example.com,,,
Candidate147,candidate147@example.com,,,
Candidate148,candidate148@example.com,,,
Candidate149,candidate149@example.com,,,
Candidate150,candidate150@example.com,,,
Candidate151,candidate151@example.com,,,
Candidate152,candidate152@example.com,,,
Candidate153,candidate153@example.com,,,
Candidate154,candidate154@example.com,,,
Candidate155,candidate155@example.com,,,
Candidate156,candidate156@example.com,,,
Candidate157,candidate157@example.com,,,
Candidate158,candidate158@example.com,,,
Candidate159,candidate159@example.com,,,
Candidate160,candidate160@example.com,,,
Candidate161,candidate161@example.com,,,
Candidate162,candidate162@example.com,,,
Candidate163,candidate163@example.com,,,
Candidate164,candidate164@example.com,,,
Candidate165,candidate165@example.com,,,
Candidate166,candidate166@example.com,,,
Candidate167,candidate167@example.com,,,
Candidate168,candidate168@example.com,,,
Candidate169,candidate169@example.com,,,
Candidate170,candidate170@example.com,,,
Candidate171,candidate171@example.com,,,
Candidate172,candidate172@example.com,,,
Candidate173,candidate173@example.com,,,
Candidate174,candidate174@example.com,,,
Candidate175,candidate175@example.com,,,
Candidate176,candidate176@example.com,,,
Candidate177,candidate177@example.com,,,
Candidate178,candidate178@example.com,,,
Candidate179,candidate179@example.com,,,
Candidate180,candidate180@example.com,,,
Candidate181,candidate181@example.com,,,
Candidate182,candidate182@example.com,,,
Candidate183,candidate183@example.com,,,
Candidate184,candidate184@example.com,,,
Candidate185,candidate185@example.com,,,
Candidate186,candidate186@example.com,,,
Candidate187,candidate187@example.com,,,
Candidate188,candidate188@example.com,,,
Candidate189,candidate189@example.com,,,
Candidate190,candidate190@example.com,,,
Candidate191,candidate191@example.com,,,
Candidate192,candidate192@example.com,,,
Candidate193,candidate193@example.com,,,
